<core:FragmentDefinition
    xmlns="sap.m"
    xmlns:f="sap.ui.layout.form"
    xmlns:mvc="sap.ui.core.mvc"
    xmlns:core="sap.ui.core"
>
    <Dialog showHeader="false">
        <content>
            <f:SimpleForm
                editable="true"
                layout="ResponsiveGridLayout"
                title="Materials Details"
                labelSpanXL="3"
                labelSpanL="3"
                labelSpanM="3"
                labelSpanS="12"
                adjustLabelSpan="false"
                emptySpanXL="4"
                emptySpanL="4"
                emptySpanM="4"
                emptySpanS="0"
                columnsXL="1"
                columnsL="1"
                columnsM="1"
                singleContainerFullSize="false"
            >
                <f:content>
                  

                    <Label text="Product Name" />
                    <Input value="{localModel>/Cartdata/material}" editable="false"/>

                    <Label text="Quantity" />
                    
                     
                            <Input value="{localModel>/Cartdata/RequestedQuantityI}" class="sapUiSmallMarginEnd"    type="Number"
        liveChange="onQuantityLiveChange"/>
                           
                      
                   
                </f:content>
            </f:SimpleForm>
        </content>
        <footer>
            <Toolbar>
                <content>
                    <ToolbarSpacer />
                    <Button
                
                        type="Accept"
                        text="Save"
                        press="OnSaveQuantityfromcart"
                        ariaHasPopup="Dialog"
                    />
                 
                    <Button
                        type="Reject"
                        text="Cancel"
                        press="OnCancelQuantityfromcart"
                    />
                </content>
            </Toolbar>
        </footer>
    </Dialog>
</core:FragmentDefinition>