{
  "fragments/CustomerList.fragment.xml": 1736758421249,
  "controller/App.controller.js": 1736758148787,
  "controller/View1.controller.js": 1736773097144,
  "controller/MainTabs.controller.js": 1740470944138,
  "controller/DetailPageView.controller.js": 1737030269767,
  "model/models.js": 1736758148787,
  "manifest.json": 1740471013892,
  "Component.js": 1736772601474,
  "controller/View1-dbg.controller.js": 1736773097144,
  "controller/View1.controller.js.map": 1740471014187,
  "controller/App-dbg.controller.js": 1736758148787,
  "controller/App.controller.js.map": 1740471014179,
  "controller/MainTabs-dbg.controller.js": 1740470944138,
  "controller/MainTabs.controller.js.map": 1740471014372,
  "controller/DetailPageView-dbg.controller.js": 1737030269767,
  "controller/DetailPageView.controller.js.map": 1740471014254,
  "model/models-dbg.js": 1736758148787,
  "model/models.js.map": 1740471014186,
  "Component-dbg.js": 1736772601474,
  "Component.js.map": 1740471014191,
  "Component-preload.js": 1740471014806,
  "Component-preload.js.map": 1740471014808,
  "resources/images/Nuvo.png": 1736773944356,
  "view/View1.view.xml": 1738302501962,
  "view/MainTabs.view.xml": 1740136517123,
  "view/DetailPageView.view.xml": 1736926710667,
  "view/App.view.xml": 1736758148791,
  "images/companylogo.png": 1736758428017,
  "images/cart.png": 1736758428441,
  "images/bushing.jpg": 1736758428001,
  "images/Search.png": 1736758428241,
  "images/SELECT.png": 1736758428441,
  "images/PLACE.png": 1736758428241,
  "images/Nuvo.png": 1736758428481,
  "images/FILL.png": 1736758428017,
  "images/FG0504.jpg": 1736758428017,
  "images/FG0502.jpg": 1736758428017,
  "images/FG032.jpg": 1736758428017,
  "images/FG031.jpg": 1736758428481,
  "images/FG011.jpg": 1736758428017,
  "fragments/Processflow.fragment.xml": 1736758421273,
  "fragments/PDF.fragment.xml": 1737021695563,
  "fragments/OpenQuickView.fragment.xml": 1738313812379,
  "fragments/MaterialQuantEditCart.fragment.xml": 1736758421249,
  "fragments/MaterialList.fragment.xml": 1736944996298,
  "i18n/i18n.properties": 1736759354513,
  "doc/Image.pdf": 1737026225595,
  "css/style.css": 1738313475309,
  "index.html": 1740137676252
}